title,rating,reviews,availability,url
"Wireless Earbuds, Sports Bluetooth Headphones, Ear Buds with 80hr Playtime, Noise Canceling, LED Power Display, IPX7 Waterproof Earphones for Workout/Running Black",5.0,1896,,https://www.amazon.com/Bcaikair-Bluetooth-Headphones-Canceling-Waterproof/dp/B0F1TSCLSH/ref=sr_1_3?dib=eyJ2IjoiMSJ9.41E-pVuiNgYTwtCpsvCxqTycKAgs3AmiO1oNtcMW7JAjDPGT6hZ07NWp-Yf0SBB3uCpnZaIZc5AIWE_9yOJsnw21GL2Bn6XepL5kjxDMw5XA4D0WJdRx_pDmbOq7UEWSGDbYoBemEKDboOn6cuF5hkWTT_KRANLIMHp8L3A-Ily6unW0_JhdGwhZYj3Tm5FQ9wXGgsgsl2FaZMleMKc-4r7l-nhrYFQHTy0QHAv29XQ.4pVf1YOhRSugS6qzI5qXS8K5Xnc6EIk5tPOpgfuqCAo&dib_tag=se&keywords=wireless+earbuds&qid=1745850684&sr=8-3
"Soundcore by Anker P20i True Wireless Earbuds, 10mm Drivers with Big Bass, Bluetooth 5.3, 30H Long Playtime, Water-Resistant, 2 Mics for AI Clear Calls, 22 Preset EQs, Customization via App",4.4,57270,,https://www.amazon.com/Soundcore-Wireless-Bluetooth-Water-Resistant-Customization/dp/B0BTYCRJSS/ref=sr_1_4?dib=eyJ2IjoiMSJ9.41E-pVuiNgYTwtCpsvCxqTycKAgs3AmiO1oNtcMW7JAjDPGT6hZ07NWp-Yf0SBB3uCpnZaIZc5AIWE_9yOJsnw21GL2Bn6XepL5kjxDMw5XA4D0WJdRx_pDmbOq7UEWSGDbYoBemEKDboOn6cuF5hkWTT_KRANLIMHp8L3A-Ily6unW0_JhdGwhZYj3Tm5FQ9wXGgsgsl2FaZMleMKc-4r7l-nhrYFQHTy0QHAv29XQ.4pVf1YOhRSugS6qzI5qXS8K5Xnc6EIk5tPOpgfuqCAo&dib_tag=se&keywords=wireless+earbuds&qid=1745850684&sr=8-4
"JBL Vibe Beam - True Wireless JBL Deep Bass Sound Earbuds, Bluetooth 5.2, Water & Dust Resistant, Hands-free call with VoiceAware, Up to 32 hours of battery life (Black)",4.3,21175,,https://www.amazon.com/JBL-Vibe-Beam-Wireless-Headphones/dp/B0BQPNMXQV/ref=sr_1_5?dib=eyJ2IjoiMSJ9.41E-pVuiNgYTwtCpsvCxqTycKAgs3AmiO1oNtcMW7JAjDPGT6hZ07NWp-Yf0SBB3uCpnZaIZc5AIWE_9yOJsnw21GL2Bn6XepL5kjxDMw5XA4D0WJdRx_pDmbOq7UEWSGDbYoBemEKDboOn6cuF5hkWTT_KRANLIMHp8L3A-Ily6unW0_JhdGwhZYj3Tm5FQ9wXGgsgsl2FaZMleMKc-4r7l-nhrYFQHTy0QHAv29XQ.4pVf1YOhRSugS6qzI5qXS8K5Xnc6EIk5tPOpgfuqCAo&dib_tag=se&keywords=wireless+earbuds&qid=1745850684&sr=8-5
"Wireless Earbuds 75hrs Bluetooth 5.4 Headphone Sport, 2025 Bluetooth Earbuds Stereo Deep Bass Over Ear Bud with Earhooks, ENC Noise Cancelling Mic, IPX7 Waterproof Earphone for Workout/Running",4.4,13880,,https://aax-us-iad.amazon.com/x/c/JAGu0JIRa0CQxv8CCv3yKFkAAAGWfM9UJQEAAAH2AQBvbm9fdHhuX2JpZDEgICBvbm9fdHhuX2ltcDEgICBzht2O/https://www.amazon.com/Wireless-Bluetooth-Headphone-Cancelling-Waterproof/dp/B0CSXV3GK4/ref=sxin_14_sbv_search_btf?content-id=amzn1.sym.7032aefd-3c59-4a1e-aaf4-8d3a944207a4%3Aamzn1.sym.7032aefd-3c59-4a1e-aaf4-8d3a944207a4&cv_ct_cx=wireless+earbuds&keywords=wireless+earbuds&pd_rd_i=B0CSXV3GK4&pd_rd_r=cb7a791c-51f1-46ab-ac39-b3f2d8dd2b6e&pd_rd_w=SOZDB&pd_rd_wg=sdtU9&pf_rd_p=7032aefd-3c59-4a1e-aaf4-8d3a944207a4&pf_rd_r=Q39076ZCZMWEHJMVZ0NZ&qid=1745850684&sbo=RZvfv%2F%2FHxDF%2BO5021pAnSA%3D%3D&sr=1-1-5190daf0-67e3-427c-bea6-c72c1df98776
"Wireless Earbuds 75hrs Bluetooth 5.4 Headphone Sport, 2025 Bluetooth Earbuds Stereo Deep Bass Over Ear Bud with Earhooks, ENC Noise Cancelling Mic, IPX7 Waterproof Earphone for Workout/Running",4.4,13880,,https://aax-us-iad.amazon.com/x/c/JAGu0JIRa0CQxv8CCv3yKFkAAAGWfM9UJQEAAAH2AQBvbm9fdHhuX2JpZDEgICBvbm9fdHhuX2ltcDEgICBzht2O/https://www.amazon.com/Wireless-Bluetooth-Headphone-Cancelling-Waterproof/dp/B0CSXV3GK4/ref=sxin_14_sbv_search_btf?content-id=amzn1.sym.7032aefd-3c59-4a1e-aaf4-8d3a944207a4%3Aamzn1.sym.7032aefd-3c59-4a1e-aaf4-8d3a944207a4&cv_ct_cx=wireless+earbuds&keywords=wireless+earbuds&pd_rd_i=B0CSXV3GK4&pd_rd_r=cb7a791c-51f1-46ab-ac39-b3f2d8dd2b6e&pd_rd_w=SOZDB&pd_rd_wg=sdtU9&pf_rd_p=7032aefd-3c59-4a1e-aaf4-8d3a944207a4&pf_rd_r=Q39076ZCZMWEHJMVZ0NZ&qid=1745850684&sbo=RZvfv%2F%2FHxDF%2BO5021pAnSA%3D%3D&sr=1-1-5190daf0-67e3-427c-bea6-c72c1df98776
"Wireless Earbuds, 2025 Bluetooth 5.4 Headphones in Ear with 4 ENC Noise Cancelling Mic, New Wireless Earphones HiFi Stereo Deep Bass 40H Playtime, LED, In-Ear Bluetooth Ear Buds IP7 Waterproof, USB-C",4.6,2282,,https://www.amazon.com/Bluetooth-Headphones-Cancelling-Earphones-Waterproof/dp/B0DXF5F1TL/ref=sr_1_6?dib=eyJ2IjoiMSJ9.41E-pVuiNgYTwtCpsvCxqTycKAgs3AmiO1oNtcMW7JAjDPGT6hZ07NWp-Yf0SBB3uCpnZaIZc5AIWE_9yOJsnw21GL2Bn6XepL5kjxDMw5XA4D0WJdRx_pDmbOq7UEWSGDbYoBemEKDboOn6cuF5hkWTT_KRANLIMHp8L3A-Ily6unW0_JhdGwhZYj3Tm5FQ9wXGgsgsl2FaZMleMKc-4r7l-nhrYFQHTy0QHAv29XQ.4pVf1YOhRSugS6qzI5qXS8K5Xnc6EIk5tPOpgfuqCAo&dib_tag=se&keywords=wireless+earbuds&qid=1745850684&sr=8-6
"Wireless Earbuds, Bluetooth Headphones 5.3 HiFi Stereo, Wireless Earphones with ENC Noise Cancelling Mic, LED Digital Display in Ear Buds White",5.0,1868,,https://www.amazon.com/Bcaikair-Bluetooth-Headphones-Earphones-Cancelling/dp/B0DZCNHG9Y/ref=sr_1_8?dib=eyJ2IjoiMSJ9.41E-pVuiNgYTwtCpsvCxqTycKAgs3AmiO1oNtcMW7JAjDPGT6hZ07NWp-Yf0SBB3uCpnZaIZc5AIWE_9yOJsnw21GL2Bn6XepL5kjxDMw5XA4D0WJdRx_pDmbOq7UEWSGDbYoBemEKDboOn6cuF5hkWTT_KRANLIMHp8L3A-Ily6unW0_JhdGwhZYj3Tm5FQ9wXGgsgsl2FaZMleMKc-4r7l-nhrYFQHTy0QHAv29XQ.4pVf1YOhRSugS6qzI5qXS8K5Xnc6EIk5tPOpgfuqCAo&dib_tag=se&keywords=wireless+earbuds&qid=1745850684&sr=8-8
"TOZO A1 Wireless Earbuds Bluetooth 5.3 Light Weight in Ear IPX5 Waterproof Headphones 2 Mic for AI Calls, Immersive Premium Sound Bass Headset with Charging Case, 32 Presets EQ Customization via App",4.3,84019,,https://www.amazon.com/A1/dp/B09FT58QQP/ref=sr_1_9?dib=eyJ2IjoiMSJ9.41E-pVuiNgYTwtCpsvCxqTycKAgs3AmiO1oNtcMW7JAjDPGT6hZ07NWp-Yf0SBB3uCpnZaIZc5AIWE_9yOJsnw21GL2Bn6XepL5kjxDMw5XA4D0WJdRx_pDmbOq7UEWSGDbYoBemEKDboOn6cuF5hkWTT_KRANLIMHp8L3A-Ily6unW0_JhdGwhZYj3Tm5FQ9wXGgsgsl2FaZMleMKc-4r7l-nhrYFQHTy0QHAv29XQ.4pVf1YOhRSugS6qzI5qXS8K5Xnc6EIk5tPOpgfuqCAo&dib_tag=se&keywords=wireless+earbuds&qid=1745850684&sr=8-9
Wireless Earbuds Bluetooth Headphones 80Hrs Playtime Ear Buds IPX7 Waterproof Sports Earphones Wireless Charging Case Over-Ear Earhooks Headest - Black,4.9,1370,,https://www.amazon.com/Wireless-Bluetooth-Headphones-Waterproof-Earphones/dp/B0DXPKDW4X/ref=sr_1_10?dib=eyJ2IjoiMSJ9.41E-pVuiNgYTwtCpsvCxqTycKAgs3AmiO1oNtcMW7JAjDPGT6hZ07NWp-Yf0SBB3uCpnZaIZc5AIWE_9yOJsnw21GL2Bn6XepL5kjxDMw5XA4D0WJdRx_pDmbOq7UEWSGDbYoBemEKDboOn6cuF5hkWTT_KRANLIMHp8L3A-Ily6unW0_JhdGwhZYj3Tm5FQ9wXGgsgsl2FaZMleMKc-4r7l-nhrYFQHTy0QHAv29XQ.4pVf1YOhRSugS6qzI5qXS8K5Xnc6EIk5tPOpgfuqCAo&dib_tag=se&keywords=wireless+earbuds&qid=1745850684&sr=8-10
"Wireless Earbuds 75hrs Bluetooth 5.4 Headphone Sport, 2025 Bluetooth Earbuds Stereo Deep Bass Over Ear Bud with Earhooks, ENC Noise Cancelling Mic, IPX7 Waterproof Earphone for Workout/Running",4.4,13880,,https://www.amazon.com/Wireless-Bluetooth-Headphone-Cancelling-Waterproof/dp/B0CSXV3GK4/ref=sr_1_11?dib=eyJ2IjoiMSJ9.41E-pVuiNgYTwtCpsvCxqTycKAgs3AmiO1oNtcMW7JAjDPGT6hZ07NWp-Yf0SBB3uCpnZaIZc5AIWE_9yOJsnw21GL2Bn6XepL5kjxDMw5XA4D0WJdRx_pDmbOq7UEWSGDbYoBemEKDboOn6cuF5hkWTT_KRANLIMHp8L3A-Ily6unW0_JhdGwhZYj3Tm5FQ9wXGgsgsl2FaZMleMKc-4r7l-nhrYFQHTy0QHAv29XQ.4pVf1YOhRSugS6qzI5qXS8K5Xnc6EIk5tPOpgfuqCAo&dib_tag=se&keywords=wireless+earbuds&qid=1745850684&sr=8-11
"Soundcore P30i by Anker Noise Cancelling Earbuds, Strong and Smart Noise Cancelling, Powerful Bass, 45H Playtime, 2-in-1 Case and Phone Stand, IP54, Wireless Earbuds, Bluetooth 5.4 (Black)",4.4,6319,,https://www.amazon.com/Soundcore-Cancelling-Powerful-Playtime-Bluetooth/dp/B0CRTYZG5C/ref=sr_1_13?dib=eyJ2IjoiMSJ9.41E-pVuiNgYTwtCpsvCxqTycKAgs3AmiO1oNtcMW7JAjDPGT6hZ07NWp-Yf0SBB3uCpnZaIZc5AIWE_9yOJsnw21GL2Bn6XepL5kjxDMw5XA4D0WJdRx_pDmbOq7UEWSGDbYoBemEKDboOn6cuF5hkWTT_KRANLIMHp8L3A-Ily6unW0_JhdGwhZYj3Tm5FQ9wXGgsgsl2FaZMleMKc-4r7l-nhrYFQHTy0QHAv29XQ.4pVf1YOhRSugS6qzI5qXS8K5Xnc6EIk5tPOpgfuqCAo&dib_tag=se&keywords=wireless+earbuds&qid=1745850684&sr=8-13
"Wireless Earbuds, 2025 Bluetooth 5.4 Headphones Hi-Fi Stereo 3D Bass Ear Buds, 4 ENC Noise Cancelling Mic, 36Hrs USB-C in-Ear Earphones, IP7 Waterproof Workout Sport for Laptop Pad Android iOS, Black",4.5,1271,,https://www.amazon.com/Bluetooth-Headphones-Cancelling-Earphones-Waterproof/dp/B0DXV8464F/ref=sr_1_14?dib=eyJ2IjoiMSJ9.41E-pVuiNgYTwtCpsvCxqTycKAgs3AmiO1oNtcMW7JAjDPGT6hZ07NWp-Yf0SBB3uCpnZaIZc5AIWE_9yOJsnw21GL2Bn6XepL5kjxDMw5XA4D0WJdRx_pDmbOq7UEWSGDbYoBemEKDboOn6cuF5hkWTT_KRANLIMHp8L3A-Ily6unW0_JhdGwhZYj3Tm5FQ9wXGgsgsl2FaZMleMKc-4r7l-nhrYFQHTy0QHAv29XQ.4pVf1YOhRSugS6qzI5qXS8K5Xnc6EIk5tPOpgfuqCAo&dib_tag=se&keywords=wireless+earbuds&qid=1745850684&sr=8-14
"Wireless Earbuds, 2025 Bluetooth 5.4 Headphones Sport, Bluetooth Earbuds with ENC Noise Canceling Mic, 75H Stereo Wireless Headphones IP7 Waterproof with Earhooks, Dual LED Display for Workout/Running",4.8,663,,https://www.amazon.com/Wireless-Bluetooth-Headphones-Canceling-Waterproof/dp/B0DZCBJD57/ref=sr_1_15?dib=eyJ2IjoiMSJ9.41E-pVuiNgYTwtCpsvCxqTycKAgs3AmiO1oNtcMW7JAjDPGT6hZ07NWp-Yf0SBB3uCpnZaIZc5AIWE_9yOJsnw21GL2Bn6XepL5kjxDMw5XA4D0WJdRx_pDmbOq7UEWSGDbYoBemEKDboOn6cuF5hkWTT_KRANLIMHp8L3A-Ily6unW0_JhdGwhZYj3Tm5FQ9wXGgsgsl2FaZMleMKc-4r7l-nhrYFQHTy0QHAv29XQ.4pVf1YOhRSugS6qzI5qXS8K5Xnc6EIk5tPOpgfuqCAo&dib_tag=se&keywords=wireless+earbuds&qid=1745850684&sr=8-15
"TOZO T10 True Wireless Bluetooth 5.3 Earbuds, 45H Playtime, Wireless Charging Case, IPX8 Waterproof Stereo Headphones in Ear Built in Mic Headset Premium Sound with Deep Bass, 32 Preset EQs via APP",4.3,278808,,https://www.amazon.com/TOZO-Bluetooth-Wireless-Headphones-Waterproof/dp/B07J2Z5DBM/ref=sr_1_16?dib=eyJ2IjoiMSJ9.41E-pVuiNgYTwtCpsvCxqTycKAgs3AmiO1oNtcMW7JAjDPGT6hZ07NWp-Yf0SBB3uCpnZaIZc5AIWE_9yOJsnw21GL2Bn6XepL5kjxDMw5XA4D0WJdRx_pDmbOq7UEWSGDbYoBemEKDboOn6cuF5hkWTT_KRANLIMHp8L3A-Ily6unW0_JhdGwhZYj3Tm5FQ9wXGgsgsl2FaZMleMKc-4r7l-nhrYFQHTy0QHAv29XQ.4pVf1YOhRSugS6qzI5qXS8K5Xnc6EIk5tPOpgfuqCAo&dib_tag=se&keywords=wireless+earbuds&qid=1745850684&sr=8-16
"Bose QuietComfort Bluetooth Earbuds, True Wireless Earbuds with Active Noise Cancellation and Mic, Deep Bass, IPX4 Rating, Up to 8.5 Hours of Playtime, Black",4.0,2523,,https://www.amazon.com/Bose-New-QuietComfort-Earbuds-Black/dp/B0D8BZDPXB/ref=sr_1_18?dib=eyJ2IjoiMSJ9.41E-pVuiNgYTwtCpsvCxqTycKAgs3AmiO1oNtcMW7JAjDPGT6hZ07NWp-Yf0SBB3uCpnZaIZc5AIWE_9yOJsnw21GL2Bn6XepL5kjxDMw5XA4D0WJdRx_pDmbOq7UEWSGDbYoBemEKDboOn6cuF5hkWTT_KRANLIMHp8L3A-Ily6unW0_JhdGwhZYj3Tm5FQ9wXGgsgsl2FaZMleMKc-4r7l-nhrYFQHTy0QHAv29XQ.4pVf1YOhRSugS6qzI5qXS8K5Xnc6EIk5tPOpgfuqCAo&dib_tag=se&keywords=wireless+earbuds&qid=1745850684&sr=8-18
"Ear Buds Wireless Earbuds - Bluetooth 5.3 Headphones (48H Playback) Built in Mic with LED Display Charging Case, IP7 Waterproof Earphone for iPhone Andriod Phones Laptop Sports Workout - Black",5.0,348,,https://www.amazon.com/Ear-Buds-Wireless-Earbuds-Headphones/dp/B0DSP674SK/ref=sr_1_19?dib=eyJ2IjoiMSJ9.41E-pVuiNgYTwtCpsvCxqTycKAgs3AmiO1oNtcMW7JAjDPGT6hZ07NWp-Yf0SBB3uCpnZaIZc5AIWE_9yOJsnw21GL2Bn6XepL5kjxDMw5XA4D0WJdRx_pDmbOq7UEWSGDbYoBemEKDboOn6cuF5hkWTT_KRANLIMHp8L3A-Ily6unW0_JhdGwhZYj3Tm5FQ9wXGgsgsl2FaZMleMKc-4r7l-nhrYFQHTy0QHAv29XQ.4pVf1YOhRSugS6qzI5qXS8K5Xnc6EIk5tPOpgfuqCAo&dib_tag=se&keywords=wireless+earbuds&qid=1745850684&sr=8-19
"TOZO E2 Wireless Earbuds 10mm Drivers with Powerful Bass, App Customize 32 EQs, with 2 Mics AI Call Noise Cancellation, 30H Playtime, Bluetooth 5.3 Ear Buds, Comfort Fit in-Ear Headphones",4.6,1003,,https://www.amazon.com/TOZO-Cancellation-Customize-Bluetooth-Headphones/dp/B0DD3RZWR3/ref=sr_1_20?dib=eyJ2IjoiMSJ9.41E-pVuiNgYTwtCpsvCxqTycKAgs3AmiO1oNtcMW7JAjDPGT6hZ07NWp-Yf0SBB3uCpnZaIZc5AIWE_9yOJsnw21GL2Bn6XepL5kjxDMw5XA4D0WJdRx_pDmbOq7UEWSGDbYoBemEKDboOn6cuF5hkWTT_KRANLIMHp8L3A-Ily6unW0_JhdGwhZYj3Tm5FQ9wXGgsgsl2FaZMleMKc-4r7l-nhrYFQHTy0QHAv29XQ.4pVf1YOhRSugS6qzI5qXS8K5Xnc6EIk5tPOpgfuqCAo&dib_tag=se&keywords=wireless+earbuds&qid=1745850684&sr=8-20
"Samsung Galaxy Buds FE True Wireless Bluetooth Earbuds, Comfort and Secure in Ear Fit, Auto Switch Audio, Touch Control, Built-in Voice Assistant, Graphite [US Version, 1Yr Manufacturer Warranty]",4.3,4769,In Stock,https://www.amazon.com/SAMSUNG-Wireless-Bluetooth-Wing-Tip-Assistant/dp/B0CF7GYNW2/ref=sr_1_21?dib=eyJ2IjoiMSJ9.41E-pVuiNgYTwtCpsvCxqTycKAgs3AmiO1oNtcMW7JAjDPGT6hZ07NWp-Yf0SBB3uCpnZaIZc5AIWE_9yOJsnw21GL2Bn6XepL5kjxDMw5XA4D0WJdRx_pDmbOq7UEWSGDbYoBemEKDboOn6cuF5hkWTT_KRANLIMHp8L3A-Ily6unW0_JhdGwhZYj3Tm5FQ9wXGgsgsl2FaZMleMKc-4r7l-nhrYFQHTy0QHAv29XQ.4pVf1YOhRSugS6qzI5qXS8K5Xnc6EIk5tPOpgfuqCAo&dib_tag=se&keywords=wireless+earbuds&qid=1745850684&sr=8-21
